Workbook
Name Aluschale: Tabelle2!$O$4:$O$13
Name Aluschalen: Tabelle2!$O$4:$O$13
Name Fenster: Tabelle2!$L$3:$L$13
Name Fensterart: Tabelle2!$L$3:$L$9
Name Fenstertyp: [1]Tabelle2!$L$3:$L$9
Name Holzart: [1]Tabelle2!$G$3:$G$5
Name OF: [1]Tabelle2!$E$3:$E$4
Name zubehör: Tabelle2!$I$3:$I$15
Name Zubehör_beschreibung: [1]Tabelle2!$I$3:$I$14
Name zubehörteile: Tabelle2!$I$3:$I$19

Sheet Tabelle1
A2: Kunde: | I2: Pos | J2: Stk | K2: breite | L2: Höhe | M2: Beschreibung | O2: Fläche m² | Q2: Lfm montage | S2: Kompriband | U2: APUleiste | W2: Fensterbleche
A3: Objektnummer:
A4: Art der Arbeit: | O4: =(K4*L4)*J4 -> 0 | Q4: =((K4+L4)*2)*J4 -> 0 | S4: =(L4*2)+K4 -> 0 | U4: =((L4*4)+K4)*J4 -> 0 | W4: =K4*J4 -> 0
A5: Sachbearbeiter | O5: =(K5*L5)*J5 -> 0 | Q5: =((K5+L5)*2)*J5 -> 0 | S5: =(L5*2)+K5 -> 0 | U5: =((L5*4)+K5)*J5 -> 0 | W5: =K5*J5 -> 0
O6: =(K6*L6)*J6 -> 0 | Q6: =((K6+L6)*2)*J6 -> 0 | S6: =(L6*2)+K6 -> 0 | U6: =((L6*4)+K6)*J6 -> 0 | W6: =K6*J6 -> 0
O7: =(K7*L7)*J7 -> 0 | Q7: =((K7+L7)*2)*J7 -> 0 | S7: =(L7*2)+K7 -> 0 | U7: =((L7*4)+K7)*J7 -> 0 | W7: =K7*J7 -> 0
O8: =(K8*L8)*J8 -> 0 | Q8: =((K8+L8)*2)*J8 -> 0 | S8: =(L8*2)+K8 -> 0 | U8: =((L8*4)+K8)*J8 -> 0 | W8: =K8*J8 -> 0
O9: =(K9*L9)*J9 -> 0 | Q9: =((K9+L9)*2)*J9 -> 0 | S9: =(L9*2)+K9 -> 0 | U9: =((L9*4)+K9)*J9 -> 0 | W9: =K9*J9 -> 0
O10: =(K10*L10)*J10 -> 0 | Q10: =((K10+L10)*2)*J10 -> 0 | S10: =(L10*2)+K10 -> 0 | U10: =((L10*4)+K10)*J10 -> 0 | W10: =K10*J10 -> 0
O11: =(K11*L11)*J11 -> 0 | Q11: =((K11+L11)*2)*J11 -> 0 | S11: =(L11*2)+K11 -> 0 | U11: =((L11*4)+K11)*J11 -> 0 | W11: =K11*J11 -> 0 | X11: 0 | Y11: LF Montage Hebeschiebetüren
O12: =(K12*L12)*J12 -> 0 | Q12: =((K12+L12)*2)*J12 -> 0 | S12: =(L12*2)+K12 -> 0 | U12: =((L12*4)+K12)*J12 -> 0 | W12: =K12*J12 -> 0
O13: =(K13*L13)*J13 -> 0 | Q13: =((K13+L13)*2)*J13 -> 0 | S13: =(L13*2)+K13 -> 0 | U13: =((L13*4)+K13)*J13 -> 0 | W13: =K13*J13 -> 0 | X13: =Q35-X11 -> 0 | Y13: LF montage Fenster
O14: =(K14*L14)*J14 -> 0 | Q14: =((K14+L14)*2)*J14 -> 0 | S14: =(L14*2)+K14 -> 0 | U14: =((L14*4)+K14)*J14 -> 0 | W14: =K14*J14 -> 0
O15: =(K15*L15)*J15 -> 0 | Q15: =((K15+L15)*2)*J15 -> 0 | S15: =(L15*2)+K15 -> 0 | U15: =((L15*4)+K15)*J15 -> 0 | W15: =K15*J15 -> 0
O16: =(K16*L16)*J16 -> 0 | Q16: =((K16+L16)*2)*J16 -> 0 | S16: =(L16*2)+K16 -> 0 | U16: =((L16*4)+K16)*J16 -> 0 | W16: =K16*J16 -> 0
O17: =(K17*L17)*J17 -> 0 | Q17: =((K17+L17)*2)*J17 -> 0 | S17: =(L17*2)+K17 -> 0 | U17: =((L17*4)+K17)*J17 -> 0 | W17: =K17*J17 -> 0
O18: =(K18*L18)*J18 -> 0 | Q18: =((K18+L18)*2)*J18 -> 0 | S18: =(L18*2)+K18 -> 0 | U18: =((L18*4)+K18)*J18 -> 0 | W18: =K18*J18 -> 0
O19: =(K19*L19)*J19 -> 0 | Q19: =((K19+L19)*2)*J19 -> 0 | S19: =(L19*2)+K19 -> 0 | U19: =((L19*4)+K19)*J19 -> 0 | W19: =K19*J19 -> 0
O20: =(K20*L20)*J20 -> 0 | Q20: =((K20+L20)*2)*J20 -> 0 | S20: =(L20*2)+K20 -> 0 | U20: =((L20*4)+K20)*J20 -> 0 | W20: =K20*J20 -> 0
O21: =(K21*L21)*J21 -> 0 | Q21: =((K21+L21)*2)*J21 -> 0 | S21: =(L21*2)+K21 -> 0 | U21: =((L21*4)+K21)*J21 -> 0 | W21: =K21*J21 -> 0
O22: =(K22*L22)*J22 -> 0 | Q22: =((K22+L22)*2)*J22 -> 0 | S22: =(L22*2)+K22 -> 0 | U22: =((L22*4)+K22)*J22 -> 0 | W22: =K22*J22 -> 0
O23: =(K23*L23)*J23 -> 0 | Q23: =((K23+L23)*2)*J23 -> 0 | S23: =(L23*2)+K23 -> 0 | U23: =((L23*4)+K23)*J23 -> 0 | W23: =K23*J23 -> 0
O24: =(K24*L24)*J24 -> 0 | Q24: =((K24+L24)*2)*J24 -> 0 | S24: =(L24*2)+K24 -> 0 | U24: =((L24*4)+K24)*J24 -> 0 | W24: =K24*J24 -> 0
O25: =(K25*L25)*J25 -> 0 | Q25: =((K25+L25)*2)*J25 -> 0 | S25: =(L25*2)+K25 -> 0 | U25: =((L25*4)+K25)*J25 -> 0 | W25: =K25*J25 -> 0
... O29: =(K29*L29)*J29 -> 0 | Q29: =((K29+L29)*2)*J29 -> 0 | S29: =(L29*2)+K29 -> 0 | U29: =((L29*4)+K29)*J29 -> 0 | W29: =K29*J29 -> 0
Q30: =((K30+L30)*2)*J30 -> 0 | S30: =(L30*2)+K30 -> 0 | U30: =((L30*4)+K30)*J30 -> 0 | W30: =K30*J30 -> 0
Q31: =((K31+L31)*2)*J31 -> 0 | S31: =(L31*2)+K31 -> 0 | U31: =((L31*4)+K31)*J31 -> 0 | W31: =K31*J31 -> 0
O32: =SUM(O3:O31) -> 0 | Q32: =((K32+L32)*2)*J32 -> 0 | S32: =(L32*2)+K32 -> 0 | U32: =((L32*4)+K32)*J32 -> 0 | W32: =K32*J32 -> 0
Q33: =((K33+L33)*2)*J33 -> 0 | S33: =(L33*2)+K33 -> 0 | U33: =((L33*4)+K33)*J33 -> 0 | W33: =K33*J33 -> 0
Q34: =((K34+L34)*2)*J34 -> 0 | S34: =(L34*2)+K34 -> 0 | U34: =((L34*4)+K34)*J34 -> 0 | W34: =K34*J34 -> 0
A35: Fenstertyp | Q35: =SUM(Q3:Q30) -> 0 | S35: =SUM(S4:S34) -> 0 | U35: =SUM(U4:U24) -> 0 | W35: =SUM(W4:W24) -> 0
A36: Green Evolution
A37: Glaspreis | B37: 56
A38: Fglaspreis absturzsichernd | B38: 0
A39: montage Fenster | B39: 35 | C39: =B39*Q35 -> 0 | Q39: €/LFM
A40: Demontage fenster | B40: 0 | C40: =B40*Q35 -> 0 | M40: Verbreiterung 20mm | Q40: 21
A41: montage dämmung | B41: 0 | C41: =B41*W35 -> 0 | M41: Einstandsprofil 100mm | Q41: 45
A42: montage panzer | B42: 65 | C42: =B42*M104 -> 0 | M42: Verbreiterung 200 | Q42: 81
A43: montage bleche | B43: 15 | C43: =B43*W35 -> 0 | M43: Breiter Stock | N43: 2x | Q43: 18
A44: montage Haustüre | B44: 60 | C44: =((D63*2*(+(E63*2)))/1000000)*B44 -> 0
A45: Einstandsprofil | B45: 36
K46: 1Flg. | L46: DK | P46: 314 Fblech
K47: 2Flg. | L47: S75 144€ | N47: 90 / 150 | O47: lfm 18€ | AA47: Aufschläge
C48: =SUM(C51:C71) -> 0 | L48: Sprossen | M48: Kopplung .lfm 62€ | N48: Trockenvergl. | O48: breiter Stock | P48: Eckblech | Q48: G-punkt laschen | R48: Schrägschnitt | U48: 17 | V48: 7 | W48: 3 | X48: 3 | AA48: 5 | AB48: 15
A49: Pos: | B49: Beschreibung | C49: Stk | D49: Breite | E49: Höhe | F49: Holzart | G49: Grundpreis | H49: Glas index | I49: Glas preis | J49: OF Holz-Alu | K49: Flügelheber | L49: Beschläge sonder | M49: Eckpfosten | Q49: Sonderglas | R49: Einstandsprofil | S49: Summe Mat | T49: Summe mat gesamt | U49: Grundrabatt: | V49: Objektrabatt: | W49: Verwaltungsbonus: | X49: Formularbonus: | Y49: Selbstkosten einzeln: | Z49: Selbstkosten Gesamt | AA49: Gemeinkosten: | AB49: Gewinn: | AD49: Verkaufspreis:
J50: 0 | L50: S72 | M50: lfm 120 € | P50: lfm 120€ | U50: =(100-U48)/100 -> 0.83 | V50: =(100-V48)/100 -> 0.93 | W50: =(100-W48)/100 -> 0.97 | X50: =(100-X48)/100 -> 0.97 | AA50: =(100+AA48)/100 -> 1.05 | AB50: =(100+AB48)/100 -> 1.15
A51: =I4 -> 0 | B51: =M4 -> 0 | C51: =J4 -> 0 | D51: =K4*1000 -> 0 | E51: =L4*1000 -> 0 | G51: 0 | I51: =H51*$B$37 -> 0 | J51: 0 | K51: 0 | L51: 0 | M51: 0 | N51: 0 | O51: 0 | P51: 0 | Q51: 0 | R51: 0 | S51: =SUM(I51:R51)+K55 -> 0 | T51: =S51*C51 -> 0 | Y51: =((((S51*$U$50)*$V$50)*$W$50)*$X$50) -> 0 | Z51: =Y51*C51 -> 0 | AC51: =((Z51*$AA$50)*$AB$50) -> 0 | AD51: =((#REF!*$AA$50)*$AB$50) -> #REF!
A52: =I5 -> 0 | B52: =M5 -> 0 | C52: =J5 -> 0 | D52: =K5*1000 -> 0 | E52: =L5*1000 -> 0 | G52: 0 | I52: =H52*$B$37 -> 0 | J52: 0 | K52: 0 | L52: 0 | M52: 0 | N52: 0 | O52: 0 | P52: 0 | Q52: 0 | R52: 0 | S52: =SUM(I52:R52)+G52 -> 0 | T52: =S52*C52 -> 0 | Y52: =((((S52*$U$50)*$V$50)*$W$50)*$X$50) -> 0 | Z52: =Y52*C52 -> 0 | AC52: =((Z52*$AA$50)*$AB$50) -> 0 | AD52: =((#REF!*$AA$50)*$AB$50) -> #REF!
A53: =I6 -> 0 | B53: =M6 -> 0 | C53: =J6 -> 0 | D53: =K6*1000 -> 0 | E53: =L6*1000 -> 0 | G53: 0 | I53: =H53*$B$37 -> 0 | J53: 0 | K53: 0 | L53: 0 | M53: 0 | N53: 0 | O53: 0 | P53: 0 | Q53: 0 | R53: 0 | S53: =SUM(I53:R53)+G53 -> 0 | T53: =S53*C53 -> 0 | Y53: =((((S53*$U$50)*$V$50)*$W$50)*$X$50) -> 0 | Z53: =Y53*C53 -> 0 | AC53: =((Z53*$AA$50)*$AB$50) -> 0 | AD53: =((#REF!*$AA$50)*$AB$50) -> #REF!
A54: =I7 -> 0 | B54: =M7 -> 0 | C54: =J7 -> 0 | D54: =K7*1000 -> 0 | E54: =L7*1000 -> 0 | G54: 0 | I54: =H54*$B$37 -> 0 | J54: 0 | K54: 0 | L54: 0 | M54: 0 | N54: 0 | O54: 0 | P54: 0 | Q54: 0 | R54: 0 | S54: =SUM(I54:R54)+I66 -> 0 | T54: =S54*C54 -> 0 | Y54: =((((S54*$U$50)*$V$50)*$W$50)*$X$50) -> 0 | Z54: =Y54*C54 -> 0 | AC54: =((Z54*$AA$50)*$AB$50) -> 0 | AD54: =((#REF!*$AA$50)*$AB$50) -> #REF!
A55: =I8 -> 0 | B55: =M8 -> 0 | C55: =J8 -> 0 | D55: =K8*1000 -> 0 | E55: =L8*1000 -> 0 | G55: 0 | I55: =H55*$B$37 -> 0 | J55: 0 | K55: 0 | L55: 0 | M55: 0 | N55: 0 | O55: 0 | P55: 0 | Q55: 0 | R55: 0 | S55: =SUM(I55:R55)+G55 -> 0 | T55: =S55*C55 -> 0 | Y55: =((((S55*$U$50)*$V$50)*$W$50)*$X$50) -> 0 | Z55: =Y55*C55 -> 0 | AC55: =((Z55*$AA$50)*$AB$50) -> 0 | AD55: =((#REF!*$AA$50)*$AB$50) -> #REF!
A56: =I9 -> 0 | B56: =M9 -> 0 | C56: =J9 -> 0 | D56: =K9*1000 -> 0 | E56: =L9*1000 -> 0 | G56: 0 | I56: =H56*$B$37 -> 0 | J56: 0 | K56: 0 | L56: 0 | M56: 0 | N56: 0 | O56: 0 | P56: 0 | Q56: 0 | R56: 0 | S56: =SUM(I56:R56)+G56 -> 0 | T56: =S56*C56 -> 0 | Y56: =((((S56*$U$50)*$V$50)*$W$50)*$X$50) -> 0 | Z56: =Y56*C56 -> 0 | AC56: =((Z56*$AA$50)*$AB$50) -> 0 | AD56: =((#REF!*$AA$50)*$AB$50) -> #REF!
A57: =I10 -> 0 | B57: =M10 -> 0 | C57: =J10 -> 0 | D57: =K10*1000 -> 0 | E57: =L10*1000 -> 0 | G57: 0 | I57: =H57*$B$37 -> 0 | J57: 0 | K57: 0 | L57: 0 | M57: 0 | N57: 0 | O57: 0 | P57: 0 | Q57: 0 | R57: 0 | S57: =SUM(I57:R57)+G57 -> 0 | T57: =S57*C57 -> 0 | Y57: =((((S57*$U$50)*$V$50)*$W$50)*$X$50) -> 0 | Z57: =Y57*C57 -> 0 | AC57: =((Z57*$AA$50)*$AB$50) -> 0 | AD57: =((#REF!*$AA$50)*$AB$50) -> #REF!
A58: =I11 -> 0 | B58: =M11 -> 0 | C58: =J11 -> 0 | D58: =K11*1000 -> 0 | E58: =L11*1000 -> 0 | G58: 0 | I58: =H58*$B$37 -> 0 | J58: 0 | K58: 0 | L58: 0 | M58: 0 | N58: 0 | O58: 0 | P58: 0 | Q58: 0 | R58: 0 | S58: =SUM(I58:R58)+G58 -> 0 | T58: =S58*C58 -> 0 | Y58: =((((S58*$U$50)*$V$50)*$W$50)*$X$50) -> 0 | Z58: =Y58*C58 -> 0 | AC58: =((Z58*$AA$50)*$AB$50) -> 0 | AD58: =((#REF!*$AA$50)*$AB$50) -> #REF!
A59: =I12 -> 0 | B59: =M12 -> 0 | C59: =J12 -> 0 | D59: =K12*1000 -> 0 | E59: =L12*1000 -> 0 | G59: 0 | I59: =H59*$B$37 -> 0 | J59: 0 | K59: 0 | L59: 0 | M59: 0 | N59: 0 | O59: 0 | P59: 0 | Q59: 0 | R59: 0 | S59: =SUM(I59:R59)+G59 -> 0 | T59: =S59*C59 -> 0 | Y59: =((((S59*$U$50)*$V$50)*$W$50)*$X$50) -> 0 | Z59: =Y59*C59 -> 0 | AC59: =((Z59*$AA$50)*$AB$50) -> 0 | AD59: =((#REF!*$AA$50)*$AB$50) -> #REF!
A60: =I13 -> 0 | B60: =M13 -> 0 | C60: =J13 -> 0 | D60: =K13*1000 -> 0 | E60: =L13*1000 -> 0 | G60: 0 | I60: =H60*$B$37 -> 0 | J60: 0 | K60: 0 | L60: 0 | M60: 0 | N60: 0 | O60: 0 | P60: 0 | Q60: 0 | R60: 0 | S60: =SUM(I60:R60)+G60 -> 0 | T60: =S60*C60 -> 0 | Y60: =((((S60*$U$50)*$V$50)*$W$50)*$X$50) -> 0 | Z60: =Y60*C60 -> 0 | AC60: =((Z60*$AA$50)*$AB$50) -> 0 | AD60: =((#REF!*$AA$50)*$AB$50) -> #REF!
A61: =I14 -> 0 | B61: =M14 -> 0 | C61: =J14 -> 0 | D61: =K14*1000 -> 0 | E61: =L14*1000 -> 0 | G61: 0 | I61: =H61*$B$37 -> 0 | J61: 0 | K61: 0 | L61: 0 | M61: 0 | N61: 0 | O61: 0 | P61: 0 | Q61: 0 | R61: 0 | S61: =SUM(I61:R61)+G61 -> 0 | T61: =S61*C61 -> 0 | Y61: =((((S61*$U$50)*$V$50)*$W$50)*$X$50) -> 0 | Z61: =Y61*C61 -> 0 | AC61: =((Z61*$AA$50)*$AB$50) -> 0 | AD61: =((#REF!*$AA$50)*$AB$50) -> #REF!
A62: =I15 -> 0 | B62: =M15 -> 0 | C62: =J15 -> 0 | D62: =K15*1000 -> 0 | E62: =L15*1000 -> 0 | G62: 0 | I62: =H62*$B$37 -> 0 | J62: 0 | K62: 0 | L62: 0 | M62: 0 | N62: 0 | O62: 0 | P62: 0 | Q62: 0 | R62: 0 | S62: =SUM(I62:R62)+G62 -> 0 | T62: =S62*C62 -> 0 | Y62: =((((S62*$U$50)*$V$50)*$W$50)*$X$50) -> 0 | Z62: =Y62*C62 -> 0 | AC62: =((Z62*$AA$50)*$AB$50) -> 0 | AD62: =((#REF!*$AA$50)*$AB$50) -> #REF!
A63: =I16 -> 0 | B63: =M16 -> 0 | C63: =J16 -> 0 | D63: =K16*1000 -> 0 | E63: =L16*1000 -> 0 | G63: 0 | I63: =H63*$B$37 -> 0 | J63: 0 | K63: 0 | L63: 0 | M63: 0 | N63: 0 | O63: 0 | P63: 0 | Q63: 0 | R63: 0 | S63: =SUM(I63:R63)+G63 -> 0 | T63: =S63*C63 -> 0 | Y63: =((((S63*$U$50)*$V$50)*$W$50)*$X$50) -> 0 | Z63: =Y63*C63 -> 0 | AC63: =((Z63*$AA$50)*$AB$50) -> 0 | AD63: =((#REF!*$AA$50)*$AB$50) -> #REF!
A64: =I17 -> 0 | B64: =M17 -> 0 | C64: =J17 -> 0 | D64: =K17*1000 -> 0 | E64: =L17*1000 -> 0 | G64: 0 | I64: =H64*$B$37 -> 0 | J64: 0 | K64: 0 | L64: 0 | M64: 0 | N64: 0 | O64: 0 | P64: 0 | Q64: 0 | R64: 0 | S64: =SUM(I64:R64)+G64 -> 0 | T64: =S64*C64 -> 0 | Y64: =((((S64*$U$50)*$V$50)*$W$50)*$X$50) -> 0 | Z64: =Y64*C64 -> 0 | AC64: =((Z64*$AA$50)*$AB$50) -> 0 | AD64: =((#REF!*$AA$50)*$AB$50) -> #REF!
A65: =I18 -> 0 | B65: =M18 -> 0 | C65: =J18 -> 0 | D65: =K18*1000 -> 0 | E65: =L18*1000 -> 0 | G65: 0 | I65: =H65*$B$37 -> 0 | J65: 0 | K65: 0 | L65: 0 | M65: 0 | N65: 0 | O65: 0 | P65: 0 | Q65: 0 | R65: 0 | S65: =SUM(I65:R65)+G65 -> 0 | T65: =S65*C65 -> 0 | Y65: =((((S65*$U$50)*$V$50)*$W$50)*$X$50) -> 0 | Z65: =Y65*C65 -> 0 | AC65: =((Z65*$AA$50)*$AB$50) -> 0 | AD65: =((#REF!*$AA$50)*$AB$50) -> #REF!
A66: =I19 -> 0 | B66: =M19 -> 0 | C66: =J19 -> 0 | D66: =K19*1000 -> 0 | E66: =L19*1000 -> 0 | G66: 0 | I66: =H65*$B$37 -> 0 | J66: 0 | K66: 0 | L66: 0 | M66: 0 | N66: 0 | O66: 0 | P66: 0 | Q66: 0 | R66: 0 | S66: =SUM(I66:R66)+G66 -> 0 | T66: =S66*C66 -> 0 | Y66: =((((S66*$U$50)*$V$50)*$W$50)*$X$50) -> 0 | Z66: =Y66*C66 -> 0 | AC66: =((Z66*$AA$50)*$AB$50) -> 0 | AD66: =((#REF!*$AA$50)*$AB$50) -> #REF!
A67: =I20 -> 0 | B67: =M20 -> 0 | C67: =J20 -> 0 | D67: =K20*1000 -> 0 | E67: =L20*1000 -> 0 | G67: 0 | I67: =H66*$B$37 -> 0 | J67: 0 | K67: 0 | L67: 0 | M67: 0 | N67: 0 | O67: 0 | P67: 0 | Q67: 0 | R67: 0 | S67: =SUM(I67:R67)+G67 -> 0 | T67: =S67*C67 -> 0 | Y67: =((((S67*$U$50)*$V$50)*$W$50)*$X$50) -> 0 | Z67: =Y67*C67 -> 0 | AC67: =((Z67*$AA$50)*$AB$50) -> 0 | AD67: =((#REF!*$AA$50)*$AB$50) -> #REF!
A68: =I21 -> 0 | B68: =M21 -> 0 | C68: =J21 -> 0 | D68: =K21*1000 -> 0 | E68: =L21*1000 -> 0 | G68: 0 | I68: =H67*$B$37 -> 0 | J68: 0 | K68: 0 | L68: 0 | M68: 0 | N68: 0 | O68: 0 | P68: 0 | Q68: 0 | R68: 0 | S68: =SUM(I68:R68)+G68 -> 0 | T68: =S68*C68 -> 0 | Y68: =((((S68*$U$50)*$V$50)*$W$50)*$X$50) -> 0 | Z68: =Y68*C68 -> 0 | AC68: =((Z68*$AA$50)*$AB$50) -> 0 | AD68: =((#REF!*$AA$50)*$AB$50) -> #REF!
A69: =I22 -> 0 | B69: =M22 -> 0 | C69: =J22 -> 0 | D69: =K22*1000 -> 0 | E69: =L22*1000 -> 0 | G69: 0 | I69: =H68*$B$37 -> 0 | J69: 0 | K69: 0 | L69: 0 | M69: 0 | N69: 0 | O69: 0 | P69: 0 | Q69: 0 | R69: 0 | S69: =SUM(I69:R69)+G69 -> 0 | T69: =S69*C69 -> 0 | Y69: =((((S69*$U$50)*$V$50)*$W$50)*$X$50) -> 0 | Z69: =Y69*C69 -> 0 | AC69: =((Z69*$AA$50)*$AB$50) -> 0 | AD69: =((#REF!*$AA$50)*$AB$50) -> #REF!
A70: =I23 -> 0 | B70: =M23 -> 0 | C70: =J23 -> 0 | D70: =K23*1000 -> 0 | E70: =L23*1000 -> 0 | G70: 0 | I70: =H69*$B$37 -> 0 | J70: 0 | K70: 0 | L70: 0 | M70: 0 | N70: 0 | O70: 0 | P70: 0 | Q70: 0 | R70: 0 | S70: =SUM(I70:R70)+G70 -> 0 | T70: =S70*C70 -> 0 | Y70: =((((S70*$U$50)*$V$50)*$W$50)*$X$50) -> 0 | Z70: =Y70*C70 -> 0 | AC70: =((Z70*$AA$50)*$AB$50) -> 0 | AD70: =((#REF!*$AA$50)*$AB$50) -> #REF!
A71: =I24 -> 0 | B71: =M24 -> 0 | C71: =J24 -> 0 | D71: =K24*1000 -> 0 | E71: =L24*1000 -> 0 | G71: 0 | I71: =H70*$B$37 -> 0 | J71: 0 | K71: 0 | L71: 0 | M71: 0 | N71: 0 | O71: 0 | P71: 0 | Q71: 0 | R71: 0 | S71: =SUM(I71:R71)+G71 -> 0 | T71: =S71*C71 -> 0 | Y71: =((((S71*$U$50)*$V$50)*$W$50)*$X$50) -> 0 | Z71: =Y71*C71 -> 0 | AC71: =((Z71*$AA$50)*$AB$50) -> 0 | AD71: =((#REF!*$AA$50)*$AB$50) -> #REF!
A72: =I25 -> 0 | B72: =M25 -> 0 | C72: =J25 -> 0 | D72: =K25*1000 -> 0 | E72: =L25*1000 -> 0 | G72: 0 | I72: =H71*$B$37 -> 0 | J72: 0 | K72: 0 | L72: 0 | M72: 0 | N72: 0 | O72: 0 | P72: 0 | Q72: 0 | R72: 0 | S72: =SUM(I72:R72)+G72 -> 0 | T72: =S72*C72 -> 0 | Y72: =((((S72*$U$50)*$V$50)*$W$50)*$X$50) -> 0 | Z72: =Y72*C72 -> 0 | AC72: =((Z72*$AA$50)*$AB$50) -> 0 | AD72: =((#REF!*$AA$50)*$AB$50) -> #REF!
A73: =I26 -> 0 | B73: =M26 -> 0 | C73: =J26 -> 0 | D73: =K26*1000 -> 0 | E73: =L26*1000 -> 0 | G73: 0 | I73: =H72*$B$37 -> 0 | J73: 0 | K73: 0 | L73: 0 | M73: 0 | N73: 0 | O73: 0 | P73: 0 | Q73: 0 | R73: 0 | S73: =SUM(I73:R73)+G73 -> 0 | T73: =S73*C73 -> 0 | Y73: =((((S73*$U$50)*$V$50)*$W$50)*$X$50) -> 0 | Z73: =Y73*C73 -> 0 | AC73: =((Z73*$AA$50)*$AB$50) -> 0 | AD73: =((#REF!*$AA$50)*$AB$50) -> #REF!
A74: =I27 -> 0 | B74: =M27 -> 0 | C74: =J27 -> 0 | D74: =K27*1000 -> 0 | E74: =L27*1000 -> 0 | G74: 0 | I74: =H73*$B$37 -> 0 | J74: 0 | K74: 0 | L74: 0 | M74: 0 | N74: 0 | O74: 0 | P74: 0 | Q74: 0 | R74: 0 | S74: =SUM(I74:R74)+G74 -> 0 | T74: =S74*C74 -> 0 | Y74: =((((S74*$U$50)*$V$50)*$W$50)*$X$50) -> 0 | Z74: =Y74*C74 -> 0 | AC74: =((Z74*$AA$50)*$AB$50) -> 0 | AD74: =((#REF!*$AA$50)*$AB$50) -> #REF!
A75: =I28 -> 0 | B75: =M28 -> 0 | C75: =J28 -> 0 | D75: =K28*1000 -> 0 | E75: =L28*1000 -> 0 | G75: 0 | I75: =H74*$B$37 -> 0 | J75: 0 | K75: 0 | L75: 0 | M75: 0 | N75: 0 | O75: 0 | P75: 0 | Q75: 0 | R75: 0 | S75: =SUM(I75:R75)+G75 -> 0 | T75: =S75*C75 -> 0 | Y75: =((((S75*$U$50)*$V$50)*$W$50)*$X$50) -> 0 | Z75: =Y75*C75 -> 0 | AC75: =((Z75*$AA$50)*$AB$50) -> 0 | AD75: =((#REF!*$AA$50)*$AB$50) -> #REF!
A76: =I29 -> 0 | B76: =M29 -> 0 | C76: =J29 -> 0 | D76: =K29*1000 -> 0 | E76: =L29*1000 -> 0 | G76: 0 | I76: =H75*$B$37 -> 0 | J76: 0 | K76: 0 | L76: 0 | M76: 0 | N76: 0 | O76: 0 | P76: 0 | Q76: 0 | R76: 0 | S76: =SUM(I76:R76)+G76 -> 0 | T76: =S76*C76 -> 0 | Y76: =((((S76*$U$50)*$V$50)*$W$50)*$X$50) -> 0 | Z76: =Y76*C76 -> 0 | AC76: =((Z76*$AA$50)*$AB$50) -> 0 | AD76: =((#REF!*$AA$50)*$AB$50) -> #REF!
A77: =I31 -> 0 | B77: =M31 -> 0 | C77: =J31 -> 0 | D77: =K31*1000 -> 0 | E77: =L31*1000 -> 0 | G77: 0 | I77: =H76*$B$37 -> 0 | J77: 0 | K77: 0 | L77: 0 | M77: 0 | N77: 0 | O77: =(E77/1000)*$Q$43 -> 0 | P77: 0 | Q77: 0 | R77: 0 | S77: =SUM(I77:R77)+G77 -> 0 | T77: =S77*C77 -> 0 | Y77: =((((S77*$U$50)*$V$50)*$W$50)*$X$50) -> 0 | Z77: =Y77*C77 -> 0 | AC77: =((Z77*$AA$50)*$AB$50) -> 0 | AD77: =((#REF!*$AA$50)*$AB$50) -> #REF!
A78: =I32 -> 0 | B78: =M32 -> 0 | C78: =J32 -> 0 | D78: =K32*1000 -> 0 | E78: =L32*1000 -> 0 | G78: 0 | I78: =H77*$B$37 -> 0 | J78: 0 | K78: 0 | L78: 0 | M78: 0 | N78: 0 | O78: =(E78/1000)*$Q$43 -> 0 | P78: 0 | Q78: 0 | R78: 0 | S78: =SUM(I78:R78)+G78 -> 0 | T78: =S78*C78 -> 0 | Y78: =((((S78*$U$50)*$V$50)*$W$50)*$X$50) -> 0 | Z78: =Y78*C78 -> 0 | AC78: =((Z78*$AA$50)*$AB$50) -> 0 | AD78: =((#REF!*$AA$50)*$AB$50) -> #REF!
A79: =I31 -> 0 | B79: =M33 -> 0 | C79: =J33 -> 0 | D79: =K33*1000 -> 0 | E79: =L33*1000 -> 0 | I79: =H78*$B$37 -> 0 | J79: 0 | M79: 0 | N79: 0 | O79: =(E79/1000)*$Q$43 -> 0 | Q79: 0 | R79: 0 | S79: =SUM(I79:R79)+G79 -> 0 | T79: =S79*C79 -> 0 | Y79: =((((S79*$U$50)*$V$50)*$W$50)*$X$50) -> 0 | Z79: =SUM(AA79) -> 0 | AD79: =((#REF!*$AA$50)*$AB$50) -> #REF!
I80: =H79*$B$37 -> 0 | S80: =SUM(S50:S79) -> 0 | T80: =SUM(T50:T78) -> 0 | Y80: =((((S80*$U$50)*$V$50)*$W$50)*$X$50) -> 0 | Z80: =SUM(Z51:Z79) -> 0
T81: =S81*C81 -> 0 | Y81: =((((S81*$U$50)*$V$50)*$W$50)*$X$50) -> 0 | Z81: =Y81*C81 -> 0 | AA81: =#REF!-#REF! -> #REF!
L82: Aluschale | Q82: 0 | V82: Legende: | W82: 86 | X82: 0 | Z82: =Y82*C82 -> 0
A83: Rollloführung | C83: 90 | L83: Zuschlag höhe panzer | Q83: 100 | W83: 74 | X83: -24
A84: Stärke Aussenputz | C84: 15 | L84: Särke führung | Q84: =2*14 -> 28 | W84: 66 | X84: -42
A85: Blechfalz | C85: 12 | L85: Luft in der Führungsnut | Q85: 10 | W85: 54 | X85: -64
A86: Blende am Ziegelkasten vorne / Leibung: | C86: 65 | W86: 96 | X86: 10
K87: 0 | W87: 100 | X87: 28
B88: Fensterbleche: | L88: Rolllädenpanzer:
A90: Pos | B90: Beschreibung | C90: Skt | D90: Länge | E90: Ausladung | F90: Kante | M90: Stk | Q90: Breite | S90: Höhe
A92: =A51 -> 0 | B92: =B51 -> 0 | C92: =C51 -> 0 | D92: =D51+24 -> 24 | E92: =SUM($C$83:$D$86)+40 -> 222 | F92: 30 | L92: =A51 -> 0 | M92: =C51 -> 0 | Q92: =(D51-(Q82+Q84))-Q85 -> -38 | S92: =E51+$Q$83 -> 100
A93: =A52 -> 0 | B93: =B52 -> 0 | C93: =C52 -> 0 | D93: =D52+24 -> 24 | E93: =SUM($C$83:$D$86)+40 -> 222 | F93: 30 | L93: =A52 -> 0 | M93: =C52 -> 0 | Q93: =(D52-(Q82+Q84))-Q85 -> -38 | S93: =E52+$Q$83 -> 100
A94: =A53 -> 0 | B94: =B53 -> 0 | C94: =C53 -> 0 | D94: =D53+24 -> 24 | E94: =SUM($C$83:$D$86)+40 -> 222 | F94: 30 | L94: =A53 -> 0 | M94: =C53 -> 0 | Q94: =(D53-(Q82+Q84))-Q85 -> -38 | S94: =E53+$Q$83 -> 100
A95: =A55 -> 0 | B95: =B55 -> 0 | C95: =C55 -> 0 | D95: =D55+24 -> 24 | E95: =SUM($C$83:$D$86)+40 -> 222 | F95: 30 | L95: =A55 -> 0 | M95: =C55 -> 0 | Q95: =(D55-(Q82+Q84))-Q85 -> -38 | S95: =E55+$Q$83 -> 100
A96: =A56 -> 0 | B96: =B56 -> 0 | C96: =C56 -> 0 | D96: =D56+24 -> 24 | E96: =SUM($C$83:$D$86)+40 -> 222 | F96: 30 | L96: =A56 -> 0 | M96: =C56 -> 0 | Q96: =(D56-(Q82+Q84))-Q85 -> -38 | S96: =E56+$Q$83 -> 100
A97: =A57 -> 0 | B97: =B57 -> 0 | C97: =C57 -> 0 | D97: =D57+24 -> 24 | E97: =SUM($C$83:$D$86)+40 -> 222 | F97: 30 | L97: =A57 -> 0 | M97: =C57 -> 0 | Q97: =(D57-(Q82+Q84))-Q85 -> -38 | S97: =E57+$Q$83 -> 100
A98: =A58 -> 0 | B98: =B58 -> 0 | C98: =C58 -> 0 | D98: =D58+24 -> 24 | E98: =SUM($C$83:$D$86)+40 -> 222 | F98: 30 | L98: =A58 -> 0 | M98: =C58 -> 0 | Q98: =(D58-(Q82+Q84))-Q85 -> -38 | S98: =E58+$Q$83 -> 100
A99: =A59 -> 0 | B99: =B59 -> 0 | C99: =C59 -> 0 | D99: =D59+24 -> 24 | E99: =SUM($C$83:$D$86)+40 -> 222 | F99: 30 | L99: =A59 -> 0 | M99: =C59 -> 0 | Q99: =(D59-(Q82+Q84))-Q85 -> -38 | S99: =E59+$Q$83 -> 100
A100: =A60 -> 0 | B100: =B60 -> 0 | C100: =C60 -> 0 | D100: =D60+24 -> 24 | E100: =SUM($C$83:$D$86)+40 -> 222 | F100: 30 | L100: =A60 -> 0 | M100: =C60 -> 0 | Q100: =(D60-(Q82+Q84))-Q85 -> -38 | S100: =E60+$Q$83 -> 100
A101: =A61 -> 0 | B101: =B61 -> 0 | C101: =C61 -> 0 | D101: =D61+24 -> 24 | E101: =SUM($C$83:$D$86)+40 -> 222 | F101: 30 | L101: =A61 -> 0 | M101: =C61 -> 0 | Q101: =(D61-(Q82+Q84))-Q85 -> -38 | S101: =E61+$Q$83 -> 100
A102: =A62 -> 0 | B102: =B62 -> 0 | C102: =C62 -> 0 | D102: =D62+24 -> 24 | E102: =SUM($C$83:$D$86)+40 -> 222 | F102: 30 | L102: =A62 -> 0 | M102: =C62 -> 0 | Q102: 0 | S102: 0
A103: =A63 -> 0 | B103: =B63 -> 0 | C103: =C63 -> 0 | D103: =D63+24 -> 24 | E103: =SUM($C$83:$D$86)+40 -> 222 | F103: 30 | L103: 0 | M103: =C63 -> 0 | S103: 0
A104: =#REF! -> #REF! | B104: =#REF! -> #REF! | C104: =#REF! -> #REF! | M104: 0

Sheet Tabelle3
O10: Aufschläge 5 und 15%
B11: =Tabelle1!A49 -> Pos: | C11: =Tabelle1!B49 -> Beschreibung | D11: =Tabelle1!C49 -> Stk | E11: =Tabelle1!D49 -> Breite | F11: =Tabelle1!E49 -> Höhe | G11: ohne Rabatt | H11: Ges ohne Rabatt | I11: =Tabelle1!Y49 -> Selbstkosten einzeln: | J11: Lfm pro position | K11: =Tabelle1!Z49 -> Selbstkosten Gesamt | L11: =Tabelle1!#REF! -> #REF! | M11: =Tabelle1!#REF! -> #REF! | N11: VK einzel | O11: VK gesamt
B13: =Tabelle1!A51 -> 0 | C13: =Tabelle1!B51 -> 0 | D13: =Tabelle1!C51 -> 0 | E13: =Tabelle1!D51 -> 0 | F13: =Tabelle1!E51 -> 0 | G13: =Tabelle1!S51 -> 0 | H13: =Tabelle1!T51 -> 0 | I13: =Tabelle1!Y51 -> 0 | J13: =Tabelle1!#REF! -> #REF! | K13: =Tabelle1!#REF! -> #REF! | L13: =Tabelle1!#REF! -> #REF! | M13: =Tabelle1!#REF! -> #REF! | N13: =Tabelle1!AC51 -> 0 | O13: =Tabelle1!AD51 -> #REF!
B14: =Tabelle1!A52 -> 0 | C14: =Tabelle1!B52 -> 0 | D14: =Tabelle1!C52 -> 0 | E14: =Tabelle1!D52 -> 0 | F14: =Tabelle1!E52 -> 0 | G14: =Tabelle1!S52 -> 0 | H14: =Tabelle1!T52 -> 0 | I14: =Tabelle1!Y52 -> 0 | J14: =Tabelle1!#REF! -> #REF! | K14: =Tabelle1!Z51 -> 0 | L14: =Tabelle1!#REF! -> #REF! | M14: =Tabelle1!#REF! -> #REF! | N14: =Tabelle1!AC52 -> 0 | O14: =Tabelle1!AD52 -> #REF!
B15: =Tabelle1!A53 -> 0 | C15: =Tabelle1!B53 -> 0 | D15: =Tabelle1!C53 -> 0 | E15: =Tabelle1!D53 -> 0 | F15: =Tabelle1!E53 -> 0 | G15: =Tabelle1!S53 -> 0 | H15: =Tabelle1!T53 -> 0 | I15: =Tabelle1!Y53 -> 0 | J15: =Tabelle1!#REF! -> #REF! | K15: =Tabelle1!Z53 -> 0 | L15: =Tabelle1!#REF! -> #REF! | M15: =Tabelle1!#REF! -> #REF! | N15: =Tabelle1!AC53 -> 0 | O15: =Tabelle1!AD53 -> #REF!
B16: =Tabelle1!A54 -> 0 | C16: =Tabelle1!B54 -> 0 | D16: =Tabelle1!C54 -> 0 | E16: =Tabelle1!D54 -> 0 | F16: =Tabelle1!E54 -> 0 | I16: =Tabelle1!Y54 -> 0 | J16: =Tabelle1!#REF! -> #REF! | K16: =Tabelle1!Z54 -> 0 | L16: =Tabelle1!#REF! -> #REF! | M16: =Tabelle1!#REF! -> #REF! | N16: =Tabelle1!AC54 -> 0 | O16: =Tabelle1!AD54 -> #REF!
B17: =Tabelle1!A55 -> 0 | C17: =Tabelle1!B55 -> 0 | D17: =Tabelle1!C55 -> 0 | E17: =Tabelle1!D55 -> 0 | F17: =Tabelle1!E55 -> 0 | G17: =Tabelle1!S55 -> 0 | H17: =Tabelle1!T55 -> 0 | I17: =Tabelle1!Y55 -> 0 | J17: =Tabelle1!#REF! -> #REF! | K17: =Tabelle1!Z55 -> 0 | L17: =Tabelle1!#REF! -> #REF! | M17: =Tabelle1!#REF! -> #REF! | N17: =Tabelle1!AC55 -> 0 | O17: =Tabelle1!AD55 -> #REF!
B18: =Tabelle1!A56 -> 0 | C18: =Tabelle1!B56 -> 0 | D18: =Tabelle1!C56 -> 0 | E18: =Tabelle1!D56 -> 0 | F18: =Tabelle1!E56 -> 0 | G18: =Tabelle1!S56 -> 0 | H18: =Tabelle1!T56 -> 0 | I18: =Tabelle1!Y56 -> 0 | J18: =Tabelle1!#REF! -> #REF! | K18: =Tabelle1!Z56 -> 0 | L18: =Tabelle1!#REF! -> #REF! | M18: =Tabelle1!#REF! -> #REF! | N18: =Tabelle1!AC56 -> 0 | O18: =Tabelle1!AD56 -> #REF!
B19: =Tabelle1!A57 -> 0 | C19: =Tabelle1!B57 -> 0 | D19: =Tabelle1!C57 -> 0 | E19: =Tabelle1!D57 -> 0 | F19: =Tabelle1!E57 -> 0 | G19: =Tabelle1!S57 -> 0 | H19: =Tabelle1!T57 -> 0 | I19: =Tabelle1!Y57 -> 0 | J19: =Tabelle1!#REF! -> #REF! | K19: =Tabelle1!Z57 -> 0 | L19: =Tabelle1!#REF! -> #REF! | M19: =Tabelle1!#REF! -> #REF! | N19: =Tabelle1!AC57 -> 0 | O19: =Tabelle1!AD57 -> #REF!
B20: =Tabelle1!A58 -> 0 | C20: =Tabelle1!B58 -> 0 | D20: =Tabelle1!C58 -> 0 | E20: =Tabelle1!D58 -> 0 | F20: =Tabelle1!E58 -> 0 | I20: =Tabelle1!Y58 -> 0 | J20: =Tabelle1!#REF! -> #REF! | K20: =Tabelle1!Z58 -> 0 | L20: =Tabelle1!#REF! -> #REF! | M20: =Tabelle1!#REF! -> #REF! | N20: =Tabelle1!AC58 -> 0 | O20: =Tabelle1!AD58 -> #REF!
B21: =Tabelle1!A59 -> 0 | C21: =Tabelle1!B59 -> 0 | D21: =Tabelle1!C59 -> 0 | E21: =Tabelle1!D59 -> 0 | F21: =Tabelle1!E59 -> 0 | I21: =Tabelle1!Y59 -> 0 | J21: =Tabelle1!#REF! -> #REF! | K21: =Tabelle1!Z59 -> 0 | L21: =Tabelle1!#REF! -> #REF! | M21: =Tabelle1!#REF! -> #REF! | N21: =Tabelle1!AC59 -> 0 | O21: =Tabelle1!AD59 -> #REF!
B22: =Tabelle1!A60 -> 0 | C22: =Tabelle1!B60 -> 0 | D22: =Tabelle1!C60 -> 0 | E22: =Tabelle1!D60 -> 0 | F22: =Tabelle1!E60 -> 0 | G22: =Tabelle1!S60 -> 0 | H22: =Tabelle1!T60 -> 0 | I22: =Tabelle1!Y60 -> 0 | J22: =Tabelle1!#REF! -> #REF! | K22: =Tabelle1!Z60 -> 0 | L22: =Tabelle1!#REF! -> #REF! | M22: =Tabelle1!#REF! -> #REF! | N22: =Tabelle1!AC60 -> 0 | O22: =Tabelle1!AD60 -> #REF!
B23: =Tabelle1!A61 -> 0 | C23: =Tabelle1!B61 -> 0 | D23: =Tabelle1!C61 -> 0 | E23: =Tabelle1!D61 -> 0 | F23: =Tabelle1!E61 -> 0 | I23: =Tabelle1!Y61 -> 0 | J23: =Tabelle1!#REF! -> #REF! | K23: =Tabelle1!Z61 -> 0 | L23: =Tabelle1!#REF! -> #REF! | M23: =Tabelle1!#REF! -> #REF! | N23: =Tabelle1!AC61 -> 0 | O23: =Tabelle1!AD61 -> #REF!
B24: =Tabelle1!A62 -> 0 | C24: =Tabelle1!B62 -> 0 | D24: =Tabelle1!C62 -> 0 | E24: =Tabelle1!D62 -> 0 | F24: =Tabelle1!E62 -> 0 | G24: =Tabelle1!S62 -> 0 | H24: =Tabelle1!T62 -> 0 | I24: =Tabelle1!Y62 -> 0 | J24: =Tabelle1!#REF! -> #REF! | K24: =Tabelle1!Z62 -> 0 | L24: =Tabelle1!#REF! -> #REF! | M24: =Tabelle1!#REF! -> #REF! | N24: =Tabelle1!AC62 -> 0 | O24: =Tabelle1!AD62 -> #REF!
B25: =Tabelle1!A63 -> 0 | C25: =Tabelle1!B63 -> 0 | D25: =Tabelle1!C63 -> 0 | E25: =Tabelle1!D63 -> 0 | F25: =Tabelle1!E63 -> 0 | G25: =Tabelle1!S63 -> 0 | H25: =Tabelle1!T63 -> 0 | I25: =Tabelle1!Y63 -> 0 | J25: =Tabelle1!#REF! -> #REF! | K25: =Tabelle1!Z63 -> 0 | L25: =Tabelle1!#REF! -> #REF! | M25: =Tabelle1!#REF! -> #REF! | N25: =Tabelle1!AC63 -> 0 | O25: =Tabelle1!AD63 -> #REF!
B26: =Tabelle1!A64 -> 0 | C26: =Tabelle1!B64 -> 0 | D26: =Tabelle1!C64 -> 0 | E26: =Tabelle1!D64 -> 0 | F26: =Tabelle1!E64 -> 0 | I26: =Tabelle1!Y64 -> 0 | J26: =Tabelle1!#REF! -> #REF! | K26: =Tabelle1!Z64 -> 0 | M26: =Tabelle1!#REF! -> #REF! | N26: =Tabelle1!AC64 -> 0 | O26: =Tabelle1!AD64 -> #REF!
M28: =SUM(M13:M26) -> #REF! | O28: =SUM(O13:O26) -> #REF!

Sheet Tabelle2
E3: OF Holz | G3: Fichte | I3: Schienen | L3: Green Evolution
E4: OF Holz-Alu | G4: Lärche | I4: RC2 beschläge | L4: Blue Evolution | O4: 86
G5: Eiche | I5: Leer | L5: Klima Futur
I6: Voll verdeckte beschläge | L6: Garda D | O6: 54.14
I7: Verbreiterungen | L7: Garda 82 | O7: 66
I8: Sonder | L8: Garda HF | O8: 74
I9: Aluschale sonder | L9: Sonder | O9: 96.14
I10: Beschläge sonder | O10: 86.14
I11: Sonderglas | O11: 100.14
I12: Sonder griffe
I13: ApuleistenSprossen
I14: Aufpreis schräg Element
I15: Sprossen
I16: Flügelheber
I17: Einstandsprofil
I18: Fliegengitter
I19: Mehrpreis Eiche
I20: Eckpfosten
I21: Verbreiterung
